{
  "description": "项目配置文件",
  "packOptions": {
    "ignore": []
  },
  "setting": {
    "urlCheck": true,
    "es6": true,
    "enhance": false,
    "postcss": true,
    "preloadBackgroundData": false,
    "minified": true,
    "newFeature": false,
    "coverView": true,
    "nodeModules": false,
    "autoAudits": false,
    "showShadowRootInWxmlPanel": true,
    "scopeDataCheck": false,
    "uglifyFileName": false,
    "checkInvalidKey": true,
    "checkSiteMap": true,
    "uploadWithSourceMap": true,
    "compileHotReLoad": false,
    "babelSetting": {
      "ignore": [],
      "disablePlugins": [],
      "outputPath": ""
    },
    "useIsolateContext": true,
    "useCompilerModule": true,
    "userConfirmedUseCompilerModuleSwitch": false,
    "bundle": false,
    "useApiHook": true
  },
  "compileType": "miniprogram",
  "libVersion": "2.14.0",
  "appid": "wx3c2f1c62f5b56b67",
  "projectname": "wx-massage",
  "debugOptions": {
    "hidedInDevtools": []
  },
  "scripts": {},
  "isGameTourist": false,
  "simulatorType": "wechat",
  "simulatorPluginLibVersion": {},
  "condition": {
    "search": {
      "list": []
    },
    "conversation": {
      "list": []
    },
    "plugin": {
      "list": []
    },
    "game": {
      "list": []
    },
    "gamePlugin": {
      "list": []
    },
    "miniprogram": {
      "list": [
        {
          "id": -1,
          "name": "pages/main/main",
          "pathName": "pages/main/main",
          "query": "",
          "scene": null
        },
        {
          "id": -1,
          "name": "pages/person/person",
          "pathName": "pages/person/person",
          "query": "",
          "scene": null
        },
        {
          "id": -1,
          "name": "pages/index/index",
          "pathName": "pages/index/index",
          "scene": null
        }
      ]
    }
  }
}